u,g,r,i,z,class,redshift
23.87882,22.2753,20.39501,19.16573,18.79371,GALAXY,0.6347936
20.11234,19.76321,19.32145,19.142,19.03542,STAR,1.21e-05
21.5432,20.85432,20.11289,19.73102,19.50487,GALAXY,0.4235678
22.78456,21.98765,21.10342,20.45231,20.23107,QSO,1.832451
19.45328,19.14273,18.93742,18.81231,18.7645,STAR,1.434147
